ticker,name,description,cik,composite_figi,market_cap,weighted_shares_outstanding,share_class_shares_outstanding,sic_code,sic_description,homepage_url,type
AAPL,Apple Inc.,"Apple is among the largest companies in the world, with a broad portfolio of hardware and software products targeted at consumers and businesses. Apple's iPhone makes up a majority of the firm sales, and Apple's other products like Mac, iPad, and Watch are designed around the iPhone as the focal point of an expansive software ecosystem. Apple has progressively worked to add new applications, like streaming video, subscription bundles, and augmented reality. The firm designs its own software and semiconductors while working with subcontractors like Foxconn and TSMC to build its products and chips. Slightly less than half of Apple's sales come directly through its flagship stores, with a majority of sales coming indirectly through partnerships and distribution.",0000320193,BBG000B9XRY4,3394402637153.0,15022073000,15022070000,3571,ELECTRONIC COMPUTERS,https://www.apple.com,CS
NVDA,Nvidia Corp,"Nvidia Corp is an upfront developer of graphics processing unit and a full-stack computing infrastructure company with data-center-scale offerings that are reshaping industry. Traditionally, GPU were used to enhanvce experience,now Nvidia offers AI GPUs, and also a software platform, Cuda, used for AI model development and training. The company is also expanding its data center networking solutions, helping to tie GPUs together to handle complex workloads. such as AI, model training and inference, data analytics, scientific computing, and 3D graphics, with vertical-specific optimizations to address industries ranging from healthcare and telecom to automotive and manufacturing.",0001045810,BBG000BBJQV0,2630442000000.0,24400000000,24400000000,3674,SEMICONDUCTORS & RELATED DEVICES,https://www.nvidia.com,CS
GOOG,Alphabet Inc. Class C Capital Stock,"Alphabet is a holding company. Internet media giant Google is a wholly owned subsidiary. Google services account for nearly 90% of Alphabet's revenue, of which more than 85% is from online ads. Other Google services revenue is from sales of apps and content on Google Play and YouTube, as well as sales of hardware such as Chromebooks, the Pixel smartphone, and smart home products, which include Nest and Google Home. Google's cloud computing offerings account for a bit more than 10% of total Alphabet revenue. Alphabet's moonshot investments are in its other bets segment, where it bets on technology to enhance health (Verily), provide faster internet access (Google Fiber), enable self-driving cars (Waymo), and more.",0001652044,BBG009S3NB30,2063662420000.0,12358000000,5627980000,7370,"SERVICES-COMPUTER PROGRAMMING, DATA PROCESSING, ETC.",https://www.abc.xyz,CS
AMZN,Amazon.Com Inc,"Amazon is the leading online retailer and marketplace for third party sellers. Retail related revenue represents approximately 75% of total, followed by Amazon Web Services' cloud computing, storage, database, and other offerings (15%), advertising services (5% to 10%), and other the remainder. International segments constitute 25% to 30% of Amazon's non-AWS sales, led by Germany, the United Kingdom, and Japan.",0001018724,BBG000BVPV84,2033789044483.616,10597729352,10597730000,5961,RETAIL-CATALOG & MAIL-ORDER HOUSES,https://www.amazon.com,CS
GOOGL,Alphabet Inc. Class A Common Stock,"Alphabet is a holding company that wholly owns internet giant Google. The California-based company derives slightly less than 90% of its revenue from Google services, the vast majority of which is advertising sales. Alongside online ads, Google services houses sales stemming from Google's subscription services (YouTube TV, YouTube Music among others), platforms (sales and in-app purchases on Play Store), and devices (Chromebooks, Pixel smartphones, and smart home products such as Chromecast). Google's cloud computing platform, or GCP, accounts for roughly 10% of Alphabet's revenue with the firm's investments in up-and-coming technologies such as self-driving cars (Waymo), health (Verily), and internet access (Google Fiber) making up the rest.",0001652044,BBG009S39JX6,2011837600000.0,12190000000,5833000000,7370,"SERVICES-COMPUTER PROGRAMMING, DATA PROCESSING, ETC.",https://www.abc.xyz,CS
META,"Meta Platforms, Inc. Class A Common Stock","Meta is the largest social media company in the world, boasting close to 4 billion monthly active users worldwide. The firm's ""Family of Apps,"" its core business, consists of Facebook, Instagram, Messenger, and WhatsApp. End users can leverage these applications for a variety of different purposes, from keeping in touch with friends to following celebrities and running digital businesses for free. Meta packages customer data, gleaned from its application ecosystem and sells ads to digital advertisers. While the firm has been investing heavily in its Reality Labs business, it remains a very small part of Meta's overall sales.",0001326801,BBG000MM2P62,1500838402215.4001,2533659265,2189900000,7370,"SERVICES-COMPUTER PROGRAMMING, DATA PROCESSING, ETC.",https://about.meta.com,CS
BRK.B,BERKSHIRE HATHAWAY Class B,"Berkshire Hathaway is a holding company with a wide array of subsidiaries engaged in diverse activities. The firm's core business segment is insurance, run primarily through Geico, Berkshire Hathaway Reinsurance Group, and Berkshire Hathaway Primary Group. Berkshire has used the excess cash thrown off from these and its other operations over the years to acquire Burlington Northern Santa Fe (railroad), Berkshire Hathaway Energy (utilities and energy distributors), and the companies that make up its manufacturing, service, and retailing operations (which include five of Berkshire's largest noninsurance pretax earnings generators: Precision Castparts, Lubrizol, Clayton Homes, Marmon, and IMC/ISCAR). The conglomerate is unique in that it is run on a completely decentralized basis.",0001067983,BBG000DWG505,1067987910391.0312,2157334729,1338050000,6331,"FIRE, MARINE & CASUALTY INSURANCE",https://www.berkshirehathaway.com,CS
AVGO,Broadcom Inc. Common Stock,"Broadcom is the sixth-largest semiconductor company globally and has expanded into various software businesses, with over $30 billion in annual revenue. It sells 17 core semiconductor product lines across wireless, networking, broadband, storage, and industrial markets. It is primarily a fabless designer but holds some manufacturing in-house, like for its best-of-breed FBAR filters that sell into the Apple iPhone. In software, it sells virtualization, infrastructure, and security software to large enterprises, financial institutions, and governments.Broadcom is the product of consolidation. Its businesses are an amalgamation of former companies like legacy Broadcom and Avago Technologies in chips, as well as Brocade, CA Technologies, and Symantec in software.",0001730168,BBG00KHY5S69,864120753658.26,4701930317,4701930000,3674,SEMICONDUCTORS & RELATED DEVICES,https://www.broadcom.com,CS
LLY,Eli Lilly & Co.,"Eli Lilly is a drug firm with a focus on neuroscience, cardiometabolic, cancer, and immunology. Lilly's key products include Verzenio for cancer; Mounjaro, Zepbound, Jardiance, Trulicity, Humalog, and Humulin for diabetes; and Taltz and Olumiant for immunology.",0000059478,BBG000BNBDC2,795584443661.1385,950405386,950410000,2834,PHARMACEUTICAL PREPARATIONS,https://www.lilly.com,CS
TSLA,"Tesla, Inc. Common Stock","Tesla is a vertically integrated battery electric vehicle automaker and developer of autonomous driving software. The company has multiple vehicles in its fleet, which include luxury and midsize sedans, crossover SUVs, a light truck, and a semi truck. Tesla also plans to begin selling more affordable vehicles, a sports car, and a robotaxi. Global deliveries in 2024 were a little below 1.8 million vehicles. The company sells batteries for stationary storage for residential and commercial properties including utilities and solar panels and solar roofs for energy generation. Tesla also owns a fast-charging network.",0001318605,BBG000N9MNX3,772789762307.66,3210059659,3210060000,3711,MOTOR VEHICLES & PASSENGER CAR BODIES,https://www.tesla.com,CS
WMT,Walmart Inc.,"Walmart serves as the preeminent retailer in the United States, with its strategy predicated on superior operating efficiency and offering the lowest priced goods to consumers to drive robust store traffic and product turnover. Walmart augmented its low-price business strategy by offering a convenient one-stop shopping destination with the opening of its first supercenter in 1988.Today, Walmart operates over 4,600 stores in the United States (5,200 including Sam's Club) and over 10,000 locations globally. Walmart generated over $440 billion in domestic namesake sales in fiscal 2024, with Sam's Club contributing another $86 billion to the company's top line. Internationally, Walmart generated $115 billion in sales. The retailer serves around 240 million customers globally each week.",0000104169,BBG000BWXBC2,710879166197.079,8033386215,8033390000,5331,RETAIL-VARIETY STORES,https://stock.walmart.com,CS
JPM,JPMorgan Chase & Co.,"JPMorgan Chase is one of the largest and most complex financial institutions in the United States, with nearly $4.1 trillion in assets. It is organized into four major segments--consumer and community banking, corporate and investment banking, commercial banking, and asset and wealth management. JPMorgan operates, and is subject to regulation, in multiple countries.",0000019617,BBG000DMBXR2,663008736332.81,2845164727,2845170000,6021,NATIONAL COMMERCIAL BANKS,https://www.jpmorganchase.com,CS
V,VISA Inc.,"Visa is the largest payment processor in the world. In fiscal 2023, it processed almost $15 trillion in total volume. Visa operates in over 200 countries and processes transactions in over 160 currencies. Its systems are capable of processing over 65,000 transactions per second.",0001403161,BBG000PSKYX7,662943209682.66,1929010998,1723360000,7389,"SERVICES-BUSINESS SERVICES, NEC",https://www.usa.visa.com,CS
MA,Mastercard Incorporated,"Mastercard is the second-largest payment processor in the world, having processed close to $10 trillion in volume during 2024. Mastercard operates in over 200 countries and processes transactions in over 150 currencies.",0001141391,BBG000F1ZSQ2,494793323291.26,911708506,904890000,7389,"SERVICES-BUSINESS SERVICES, NEC",https://www.mastercard.com,CS
XOM,Exxon Mobil Corporation,"ExxonMobil is an integrated oil and gas company that explores for, produces, and refines oil worldwide. In 2023, it produced 2.4 million barrels of liquids and 7.7 billion cubic feet of natural gas per day. At the end of 2023, reserves were 16.9 billion barrels of oil equivalent, 66% of which were liquids. The company is one of the world's largest refiners, with a total global refining capacity of 4.5 million barrels of oil per day, and is one of the world's largest manufacturers of commodity and specialty chemicals.",0000034088,BBG000GZQ728,485137918109.965,4339143313,4339140000,2911,PETROLEUM REFINING,https://www.exxonmobil.com,CS
UNH,UNITEDHEALTH GROUP INCORPORATED (Delaware),"UnitedHealth Group is one of the largest private health insurers, providing medical benefits to about 50 million members globally, including 1 million outside the us as June 2024. As a leader in employer-sponsored, self-directed, and government-backed insurance plans, UnitedHealth has obtained massive scale in managed care. Along with its insurance assets, UnitedHealth's continued investments in its Optum franchises have created a healthcare services colossus that spans everything from medical and pharmaceutical benefits to providing outpatient care and analytics to both affiliated and third-party customers.",0000731766,BBG000CH5208,454524881793.0,923418150,923420000,6324,HOSPITAL & MEDICAL SERVICE PLANS,https://www.unitedhealthgroup.com,CS
COST,Costco Wholesale Corp,"Costco operates a membership-based, no-frills retail model, predicated on offering a select product assortment in bulk quantities at bargain prices. The firm avoids maintaining costly product displays by keeping inventory on pallets and limits distribution expenses by storing its inventory at point of sale in the warehouse. Given Costco's frugal cost structure, the firm is able to price its merchandise below competing retailers, driving high sales volume per warehouse and allowing the retailer to generate strong profits on thin margins. Costco operates over 600 warehouses in the United States and boasts over 60% market share in the domestic warehouse club industry. Internationally, Costco operates another 280 warehouses, primarily in markets such as Canada, Mexico, Japan, and the UK.",0000909832,BBG000F6H8W8,418446264600.0,443730000,443900000,5331,RETAIL-VARIETY STORES,https://www.costco.com,CS
PG,Procter & Gamble Company,"Since its founding in 1837, Procter & Gamble has become one of the world's largest consumer product manufacturers, with annual sales approaching $85 billion. It operates with a lineup of leading brands, including more than 20 that generate north of $1 billion each in annual global sales, such as Tide laundry detergent, Charmin toilet paper, Pantene shampoo, and Pampers diapers. Sales outside its home turf represent more than half of the firm's consolidated total.",0000080424,BBG000BR2TH3,418180872508.76,2344851814,2344850000,2840,"SOAP, DETERGENTS, CLEANG PREPARATIONS, PERFUMES, COSMETICS",https://us.pg.com,CS
ORCL,Oracle Corp,"Oracle provides enterprise applications and infrastructure offerings around the world through a variety of flexible IT deployment models, including on-premises, cloud-based, and hybrid. Founded in 1977, Oracle pioneered the first commercial SQL-based relational database management system, which is commonly used for running online transaction processing and data warehousing workloads. Besides database systems, Oracle also sells enterprise resource planning, or ERP, customer relationship management, or CRM, and human capital management, or HCM, applications. Today, Oracle has more than 159,000 full-time employees in over 170 countries.",0001341439,BBG000BQLTW7,415846942950.4,2796956000,2796960000,7372,SERVICES-PREPACKAGED SOFTWARE,https://www.oracle.com,CS
HD,"Home Depot, Inc.","Home Depot is the world's largest home improvement specialty retailer, operating more than 2,300 warehouse-format stores offering more than 30,000 products in store and 1 million products online in the US, Canada, and Mexico. Its stores offer building materials, home improvement products, lawn and garden products, and decor products and provide various services, including home improvement installation services and tool and equipment rentals. The acquisition of Interline Brands in 2015 allowed Home Depot to enter the MRO business, which has been expanded through the tie-up with HD Supply (2020). The additions of the Company Store brought textiles to the lineup, and the 2024 tie-up with SRS will help grow professional demand in roofing, pool and landscaping projects.",0000354950,BBG000BKZB36,379772460193.72003,993362612,993360000,5211,RETAIL-LUMBER & OTHER BUILDING MATERIALS DEALERS,https://www.homedepot.com,CS
ABBV,ABBVIE INC.,"AbbVie is a pharmaceutical firm with a strong exposure to immunology (with Humira, Skyrizi, and Rinvoq) and oncology (with Imbruvica and Venclexta). The company was spun off from Abbott in early 2013. The 2020 acquisition of Allergan added several new products and drugs in aesthetics (including Botox).",0001551152,BBG0025Y4RY4,378297892735.11,1765354859,1765360000,2834,PHARMACEUTICAL PREPARATIONS,https://www.abbvie.com,CS
NFLX,NetFlix Inc,"Netflix's relatively simple business model involves only one business, its streaming service. It has the biggest television entertainment subscriber base in both the United States and the collective international market, with more than 300 million subscribers globally. Netflix has exposure to nearly the entire global population outside of China. The firm has traditionally avoided a regular slate of live programming or sports content, instead focusing on on-demand access to episodic television, movies, and documentaries. The firm introduced ad-supported subscription plans in 2022, giving the firm exposure to the advertising market in addition to the subscription fees that have historically accounted for nearly all its revenue.",0001065280,BBG000CL9VN6,369432419415.0,427757100,427760000,7841,SERVICES-VIDEO TAPE RENTAL,https://www.netflix.com,CS
KO,Coca-Cola Company,"Founded in 1886, Atlanta-headquartered Coca-Cola is the world's largest nonalcoholic beverage company, with a strong portfolio of 200 brands covering key categories including carbonated soft drinks, water, sports, energy, juice, and coffee. Together with bottlers and distribution partners, the company sells finished beverage products bearing Coca-Cola and licensed brands through retailers and food-service locations in more than 200 countries and regions globally. Coca-Cola generates around two thirds of its total revenue overseas, with a significant portion from emerging economies in Latin America and Asia-Pacific.",0000021344,BBG000BMX289,313658195606.086,4301000395,4301000000,2080,BEVERAGES,https://www.coca-colacompany.com,CS
BAC,Bank of America Corporation,"Bank of America is one of the largest financial institutions in the United States, with more than $3.2 trillion in assets. It is organized into four major segments: consumer banking, global wealth and investment management, global banking, and global markets. Bank of America's consumer-facing lines of business include its network of branches and deposit-gathering operations, retail lending products, credit and debit cards, and small-business services. The company's Merrill Lynch operations provide brokerage and wealth-management services, as does its private bank. Wholesale lines of business include investment banking, corporate and commercial real estate lending, and capital markets operations. Bank of America has operations in several countries but is primarily US-focused.",0000070858,BBG000BCTLF6,306848728005.9,7604677274,7604680000,6021,NATIONAL COMMERCIAL BANKS,https://www.bankofamerica.com,CS
TMUS,"T-Mobile US, Inc.","Deutsche Telekom merged its T-Mobile USA unit with prepaid specialist MetroPCS in 2013, and that firm merged with Sprint in 2020, creating the second-largest wireless carrier in the us. T-Mobile now serves 77 million postpaid and 21 million prepaid phone customers, equal to around 30% of the us retail wireless market. The firm entered the fixed-wireless broadband market aggressively in 2021 and now serves more than 5 million residential and business customers. In addition, T-Mobile provides wholesale services to resellers.",0001283699,BBG000NDV1D4,303515769314.92,1141744952,1141750000,4812,RADIOTELEPHONE COMMUNICATIONS,https://www.t-mobile.com,CS
CVX,Chevron Corporation,"Chevron is an integrated energy company with exploration, production, and refining operations worldwide. It is the second-largest oil company in the United States with production of 3.1 million of barrels of oil equivalent a day, including 7.7 million cubic feet a day of natural gas and 1.8 million of barrels of liquids a day. Production activities take place in North America, South America, Europe, Africa, Asia, and Australia. Its refineries are in the US and Asia for total refining capacity of 1.8 million barrels of oil a day. Proven reserves at year-end 2023 stood at 11.1 billion barrels of oil equivalent, including 6.0 billion barrels of liquids and 30.4 trillion cubic feet of natural gas.",0000093410,BBG000K4ND22,281220404315.01,1760598537,1760600000,2911,PETROLEUM REFINING,https://www.chevron.com,CS
CRM,"Salesforce, Inc.","Salesforce provides enterprise cloud computing solutions. The company offers customer relationship management technology that brings companies and customers together. Its Customer 360 platform helps the group to deliver a single source of truth, connecting customer data across systems, apps, and devices to help companies sell, service, market, and conduct commerce. It also offers Service Cloud for customer support, Marketing Cloud for digital marketing campaigns, Commerce Cloud as an e-commerce engine, the Salesforce Platform, which allows enterprises to build applications, and other solutions, such as MuleSoft for data integration.",0001108524,BBG000BN2DC2,264284610000.0,961000000,961000000,7372,SERVICES-PREPACKAGED SOFTWARE,https://www.salesforce.com,CS
CSCO,"Cisco Systems, Inc. Common Stock (DE)","Cisco Systems is the largest provider of networking equipment in the world and one of the largest software companies in the world. Its largest businesses are selling networking hardware and software (where it has leading market shares) and cybersecurity software such as firewalls. It also has collaboration products, like its Webex suite, and observability tools. It primarily outsources its manufacturing to third parties and has a large sales and marketing staff-25,000 strong across 90 countries. Overall, Cisco employs 80,000 people and sells its products globally.",0000858877,BBG000C3J3C9,252287821979.69998,3982758260,3982760000,3576,COMPUTER COMMUNICATIONS EQUIPMENT,https://www.cisco.com,CS
IBM,International Business Machines Corporation,"IBM looks to be a part of every aspect of an enterprise's IT needs. The company primarily sells software, IT services, consulting, and hardware. IBM operates in 175 countries and employs approximately 350,000 people. The company has a robust roster of 80,000 business partners to service 5,200 clients, which includes 95% of all Fortune 500. While IBM is a B2B company, IBM's outward impact is substantial. For example, IBM manages 90% of all credit card transactions globally and is responsible for 50% of all wireless connections in the world.",0000051143,BBG000BLNNH6,244624121413.12,924645152,924650000,3570,COMPUTER & OFFICE EQUIPMENT,http://www.ibm.com,CS
ABT,Abbott Laboratories,"Abbott manufactures and markets cardiovascular and diabetes devices, adult and pediatric nutritional products, diagnostic equipment and testing kits, and branded generic drugs. Products include pacemakers, implantable cardioverter defibrillators, neuromodulation devices, coronary stents, catheters, infant formula, nutritional liquids for adults, continuous glucose monitors, and immunoassays and point-of-care diagnostic equipment. Abbott derives approximately 60% of sales outside the United States.",0000001800,BBG000B9ZXB4,239015780886.965,1734323411,1734320000,2834,PHARMACEUTICAL PREPARATIONS,https://www.abbottinvestor.com,CS
PM,Philip Morris International Inc.,"Created from the international operations of Altria in 2008, Philip Morris International sells cigarettes and reduced-risk products, including heatsticks, vapes, and oral nicotine offerings primarily outside of the US. With the 2023 acquisition of Swedish Match, a leading manufacturer of traditional oral tobacco products and nicotine pouches primarily in the US and Scandinavia, PMI has not only diversified away from smokeable products but also gained a toehold into the US to sell its iQOS heated tobacco product.",0001413329,BBG000J2XL74,234596857504.47998,1554857221,1554860000,2111,CIGARETTES,https://www.pmi.com,CS
MCD,McDonald's Corporation,"McDonald's is the largest restaurant owner-operator in the world, with 2024 system sales of $131 billion across more than 43,000 stores and 115 markets. McDonald's pioneered the franchise model, building its footprint through partnerships with independent restaurant franchisees and master franchise partners around the globe. The firm earns roughly 60% of its revenue from franchise royalty fees and lease payments, with most of the remainder coming from company-operated stores across its three core segments: the United States, internationally operated markets, and international developmental/licensed markets.",0000063908,BBG000BNSZP1,231799771937.16,714461139,714460000,5812,RETAIL-EATING PLACES,https://corporate.mcdonalds.com,CS
WFC,Wells Fargo & Co.,"Wells Fargo is one of the largest banks in the United States, with approximately $1.9 trillion in balance sheet assets. The company has four primary segments: consumer banking, commercial banking, corporate and investment banking, and wealth and investment management. It is almost entirely focused on the US.",0000072971,BBG000BWQFY7,222281412943.19998,3288186582,3288190000,6021,NATIONAL COMMERCIAL BANKS,https://www.wellsfargo.com,CS
LIN,Linde plc Ordinary Share,"Linde is the largest industrial gas supplier in the world, with operations in over 100 countries. The firm's main products are atmospheric gases (including oxygen, nitrogen, and argon) and process gases (including hydrogen, carbon dioxide, and helium), as well as equipment used in industrial gas production. Linde serves a wide variety of end markets, including chemicals, manufacturing, healthcare, and steelmaking. Linde generated approximately $33 billion in revenue in 2024.",0001707925,,221734070331.66,472911618,472910000,2810,INDUSTRIAL INORGANIC CHEMICALS,https://www.linde.com,CS
PEP,"PepsiCo, Inc.","PepsiCo is a global leader in snacks and beverages, owning well-known household brands including Pepsi, Mountain Dew, Gatorade, Lay's, Cheetos, and Doritos, among others. The company dominates the global savory snacks market and also ranks as the second-largest beverage provider in the world (behind Coca-Cola) with diversified exposure to carbonated soft drinks, or CSD, as well as water, sports, and energy drink offerings. Convenience foods account for approximately 55% of its total revenue, with beverages making up the rest. Pepsi owns the bulk of its manufacturing and distribution capacity in the US and overseas. International markets make up 40% of total sales and one third of operating profits.",0000077476,BBG000DH7JK6,217158422877.0,1371989025,1371990000,2080,BEVERAGES,https://www.pepsico.com,CS
ACN,Accenture PLC,"Accenture is a leading global IT services firm that provides consulting, strategy, and technology and operational services. These services run the gamut from aiding enterprises with digital transformation to procurement services to software system integration. The company provides its IT offerings to a variety of sectors, including communications, media and technology, financial services, health and public services, consumer products, and resources. Accenture employs just under 500,000 people throughout 200 cities in 51 countries.",0001467373,,210642878383.49,625479937,625480000,7389,"SERVICES-BUSINESS SERVICES, NEC",https://www.accenture.com,CS
GE,GE Aerospace,"GE Aerospace is the global leader in designing, manufacturing, and servicing large aircraft engines, along with partner Safran in their CFM joint venture. With its massive global installed base of nearly 70,000 commercial and military engines, GE Aerospace earns most of its profits on recurring service revenue of that equipment, which operates for decades. GE Aerospace is the remaining core business of the company formed in 1892 with historical ties to American inventor Thomas Edison; that company became a storied conglomerate with peak revenue of $130 billion in 2000 until GE spun off its appliance, finance, healthcare, and wind and power businesses between 2016 and 2024.",0000040545,BBG000BK6MB5,205567330422.65,1073290505,1073290000,3600,ELECTRONIC & OTHER ELECTRICAL EQUIPMENT (NO COMPUTER EQUIP),https://www.geaerospace.com,CS
TMO,"Thermo Fisher Scientific, Inc.","Thermo Fisher Scientific sells scientific instruments and laboratory equipment, diagnostics consumables, and life science reagents. The firm operates through four segments as of mid-2024 (revenue figures include some cross-segment revenue): analytical technologies (17% of sales); specialty diagnostic products (11%); life science solutions (22%); and lab products and services, which includes CRO services (54%).",0000097745,BBG000BVDLH9,199899382506.34,377261182,377260000,3829,"MEASURING & CONTROLLING DEVICES, NEC",https://www.thermofisher.com,CS
VZ,Verizon Communications,"Wireless services account for about 70% of Verizon Communications' total service revenue and nearly all of its operating income. The firm serves about 93 million postpaid and 20 million prepaid phone customers via its nationwide network, making it the largest US wireless carrier. Fixed-line telecom operations include local networks in the Northeast, which reach about 30 million homes and businesses and serve about 8 million broadband customers. Verizon also provides telecom services nationwide to enterprise customers, often using a mixture of its own and other carriers' networks. Verizon agreed to acquire Frontier Communications in September 2024.",0000732712,BBG000HS77T5,196782611516.71,4209703958,4209700000,4813,TELEPHONE COMMUNICATIONS (NO RADIOTELEPHONE),https://www.verizon.com,CS
T,AT&T Inc.,"The wireless business contributes about two thirds of AT&T's revenue. The firm is the third-largest US wireless carrier, connecting 72 million postpaid and 17 million prepaid phone customers. Fixed-line enterprise services, which account for about 16% of revenue, include internet access, private networking, security, voice, and wholesale network capacity. Residential fixed-line services, about 11% of revenue, primarily consist of broadband internet access, serving 14 million customers. AT&T also has a sizable presence in Mexico, with 22 million customers, but this business only accounts for 3% of revenue. The firm still holds a 70% equity stake in satellite television provider DirecTV but does not consolidate this business in its financial statements.",0000732717,BBG000BSJK37,193271800378.31998,7170165104,7170170000,4813,TELEPHONE COMMUNICATIONS (NO RADIOTELEPHONE),https://www.att.com,CS
ADBE,Adobe Inc.,"Adobe provides content creation, document management, and digital marketing and advertising software and services to creative professionals and marketers for creating, managing, delivering, measuring, optimizing, and engaging with compelling content multiple operating systems, devices, and media. The company operates with three segments: digital media content creation, digital experience for marketing solutions, and publishing for legacy products (less than 5% of revenue).",0000796343,BBG000BB5006,190380670940.16,434897366,434900000,7372,SERVICES-PREPACKAGED SOFTWARE,https://www.adobe.com,CS
PLTR,Palantir Technologies Inc. Class A Common Stock,"Palantir is an analytical software company that focuses on leveraging data to create efficiencies in its clients' organizations. The firm serves commercial and government clients via its Foundry and Gotham platforms, respectively. Palantir works only with entities in Western-allied nations and reserves the right not to work with anyone that is antithetical to Western values. The Denver-based company was founded in 2003 and went public in 2020.",0001321655,BBG000N7QR55,187956870390.84,2345356506,2248950000,7372,SERVICES-PREPACKAGED SOFTWARE,https://www.palantir.com,CS
AXP,American Express Company,"American Express is a global financial institution, operating in about 130 countries, that provides consumers and businesses charge and credit card payment products. The company also operates a highly profitable merchant payment network. Since 2018, it has operated in three segments: global consumer services, global commercial services, and global merchant and network services. In addition to payment products, the company's commercial business offers expense management tools, consulting services, and business loans.",0000004962,BBG000BCQZS4,187084301159.30002,702532111,702530000,6199,FINANCE SERVICES,https://www.americanexpress.com,CS
DIS,The Walt Disney Company,"Disney operates in three global business segments: entertainment, sports, and experiences. Entertainment and experiences both benefit from the firm's ownership of iconic franchises and characters. Entertainment includes the ABC broadcast network, several cable television networks, and the Disney+ and Hulu streaming services. Within the segment, Disney also engages in movie and television production and distribution, with content licensed to movie theaters, other content providers, or, increasingly, kept in-house for use on Disney's own streaming platform and television networks. The sports segment houses ESPN and the ESPN+ streaming service. Experiences contains Disney's theme parks and vacation destinations, and also benefits from merchandise licensing.",0001744489,BBG000BH4R78,186419187758.80002,1807788865,1807790000,7990,SERVICES-MISCELLANEOUS AMUSEMENT & RECREATION,https://www.thewaltdisneycompany.com,CS
MS,Morgan Stanley,"Morgan Stanley is a global investment bank whose history, through its legacy firms, can be traced back to 1924. The company has institutional securities, wealth management, and investment management segments with approximately 45% of net revenue from its institutional securities business, 45% from wealth management, and 10% from investment management. About 30% of its total revenue is from outside the Americas. The company had over $5 trillion of client assets as well as around 80,000 employees at the end of 2023.",0000895421,BBG000BLZRJ2,182680087835.025,1612855585,1612860000,6211,"SECURITY BROKERS, DEALERS & FLOTATION COMPANIES",https://www.morganstanley.com,CS
AMGN,Amgen Inc,"Amgen is a leader in biotechnology-based human therapeutics. Flagship drugs include red blood cell boosters Epogen and Aranesp, immune system boosters Neupogen and Neulasta, and Enbrel and Otezla for inflammatory diseases. Amgen introduced its first cancer therapeutic, Vectibix, in 2006 and markets bone-strengthening drug Prolia/Xgeva (approved 2010) and Evenity (2019). The acquisition of Onyx bolstered the firm's therapeutic oncology portfolio with Kyprolis. Recent launches include Repatha (cholesterol-lowering), Aimovig (migraine), Lumakras (lung cancer), and Tezspire (asthma). The 2023 Horizon acquisition brings several rare-disease drugs, including thyroid eye disease drug Tepezza. Amgen also has a growing biosimilar portfolio.",0000318154,BBG000BBS2Y0,179788769197.25998,536434692,536440000,2836,"BIOLOGICAL PRODUCTS, (NO DISGNOSTIC SUBSTANCES)",https://www.amgen.com,CS
ISRG,Intuitive Surgical Inc.,"Intuitive Surgical develops, produces, and markets a robotic system for assisting minimally invasive surgery. It also provides the instrumentation, disposable accessories, and warranty services for the system. The company has placed more than 9,500 da Vinci systems in hospitals worldwide, with more than 5,500 installations in the US and a growing number in emerging markets.",0001035267,BBG000BJPDZ1,174738729657.34,356656964,356660000,3842,"ORTHOPEDIC, PROSTHETIC & SURGICAL APPLIANCES & SUPPLIES",https://www.intuitive.com,CS
QCOM,Qualcomm Inc,"Qualcomm develops and licenses wireless technology and designs chips for smartphones. The company's key patents revolve around CDMA and OFDMA technologies, which are standards in wireless communications that are the backbone of all 3G, 4G, and 5G networks. Qualcomm's IP is licensed by virtually all wireless device makers. The firm is also the world's largest wireless chip vendor, supplying nearly every premier handset maker with leading-edge processors. Qualcomm also sells RF-front end modules into smartphones, as well as chips into automotive and Internet of Things markets.",0000804328,BBG000CGC1X8,174333250000.0,1106000000,1106000000,3663,RADIO & TV BROADCASTING & COMMUNICATIONS EQUIPMENT,https://www.qualcomm.com,CS
RTX,RTX Corporation,"RTX is an aerospace and defense manufacturer formed from the merger of United Technologies and Raytheon, with roughly equal exposure as a supplier to commercial aerospace and to the defense market across three segments: Collins Aerospace, a diversified aerospace supplier; Pratt & Whitney, a commercial and military aircraft engine manufacturer; and Raytheon, a defense prime contractor providing a mix of missiles, missile defense systems, sensors, hardware, and communications technology to the military.",0000101829,BBG000BW8S60,172416648567.94,1332122758,1332120000,3724,AIRCRAFT ENGINES & ENGINE PARTS,https://www.rtx.com,CS
TXN,Texas Instruments Incorporated,"Dallas-based Texas Instruments generates over 95% of its revenue from semiconductors and the remainder from its well-known calculators. Texas Instruments is the world's largest maker of analog chips, which are used to process real-world signals such as sound and power. Texas Instruments also has a leading market share position in processors and microcontrollers used in a wide variety of electronics applications.",0000097476,BBG000BVV7G1,171373922218.80002,909917820,909920000,3674,SEMICONDUCTORS & RELATED DEVICES,https://www.ti.com,CS
GS,Goldman Sachs Group Inc.,"Goldman Sachs is a leading global investment banking and asset management firm. Approximately 20% of its revenue comes from investment banking, 45% from trading, 20% from asset management and 15% from wealth management and retail financial services. Around 60% of the company's net revenue is generated in the Americas, 15% in Asia, and 25% in Europe, the Middle East, and Africa.",0000886982,BBG000C6CFJ5,167872319168.505,312039033,312040000,6211,"SECURITY BROKERS, DEALERS & FLOTATION COMPANIES",https://www.goldmansachs.com,CS
CAT,Caterpillar Inc.,"Caterpillar is the world's leading manufacturer of construction and mining equipment, off-highway diesel and natural gas engines, industrial gas turbines and diesel-electric locomotives. Its reporting segments are: construction industries (40% sales/47% operating profit, or OP), resource industries (20% sales/19% OP), and energy & transportation (40% sales/34% OP). Market share approaches 20% across many products. Caterpillar operates a captive finance subsidiary to facilitate sales. The firm has global reach (46% US sales/54% ex-US). Construction skews more domestic, while the other divisions are more geographically diversified. An independent network of 156 dealers operates approximately 2,800 facilities, giving Caterpillar reach into about 190 countries for sales and support services.",0000018230,BBG000BF0K17,166850848898.64,477932024,477930000,3531,CONSTRUCTION MACHINERY & EQUIP,https://www.caterpillar.com,CS
PGR,Progressive Corporation,Progressive underwrites private and commercial auto insurance and specialty lines; it has almost 20 million personal auto policies in force and is one of the largest auto insurers in the United States. Progressive markets its policies through independent insurance agencies in the US and Canada and directly via the internet and telephone. Its premiums are split roughly equally between the agent and the direct channel. The company also offers commercial auto policies and entered homeowners insurance through an acquisition in 2015.,0000080661,BBG000BR37X2,166846429596.98,586207679,586210000,6331,"FIRE, MARINE & CASUALTY INSURANCE",https://www.progressive.com,CS
NOW,"SERVICENOW, INC.","ServiceNow Inc provides software solutions to structure and automate various business processes via a SaaS delivery model. The company primarily focuses on the IT function for enterprise customers. ServiceNow began with IT service management, expanded within the IT function, and more recently directed its workflow automation logic to functional areas beyond IT, notably customer service, HR service delivery, and security operations. ServiceNow also offers an application development platform as a service.",0001373715,BBG000M1R011,165443579010.0,206487000,206000000,7372,SERVICES-PREPACKAGED SOFTWARE,https://www.servicenow.com,CS
INTU,Intuit Inc,"Intuit serves small and midsize businesses with accounting software QuickBooks and online marketing platform Mailchimp. The company also operates retail tax filing tool TurboTax, personal finance platform Credit Karma, and a suite of professional tax offerings for accountants. Founded in the mid-1980s, Intuit enjoys a dominant market share for small business accounting and do-it-yourself tax filing in the US.",0000896878,BBG000BH5DV1,164077733420.0,279562000,279560000,7372,SERVICES-PREPACKAGED SOFTWARE,https://www.intuit.com,CS
AMD,Advanced Micro Devices,"Advanced Micro Devices designs a variety of digital semiconductors for markets such as PCs, gaming consoles, data centers, industrial, and automotive applications. AMD's traditional strength was in central processing units and graphics processing units used in PCs and data centers. Additionally, the firm supplies the chips found in prominent game consoles such as the Sony PlayStation and Microsoft Xbox. In 2022, the firm acquired field-programmable gate array leader Xilinx to diversify its business and augment its opportunities in key end markets such as data center and automotive.",0000002488,BBG000BBQCY0,158797441503.8204,1620477962,1620480000,3674,SEMICONDUCTORS & RELATED DEVICES,https://www.amd.com,CS
NEE,"Nextra Energy, Inc.","NextEra Energy's regulated utility, Florida Power & Light, is the largest rate-regulated utility in Florida. The utility distributes power to nearly 6 million customer accounts in Florida and owns 34 gigawatts of generation. FP&L contributes roughly 70% of NextEra's consolidated operating earnings. NextEra Energy Resources, the renewable energy segment, generates and sells power throughout the United States and Canada with more than 34 GW of generation capacity, including natural gas, nuclear, wind, and solar.",0000753308,BBG000BJSBJ0,155076117024.96002,2054532552,2054530000,4911,ELECTRIC SERVICES,https://www.nexteraenergy.com,CS
UBER,"Uber Technologies, Inc.","Uber Technologies is a technology provider that matches riders with drivers, hungry people with restaurants and food couriers, and shippers with carriers. The firm's on-demand technology platform is currently utilized by traditional cars as well as autonomous vehicles, but could eventually be used for additional products and services, such as delivery via drones or electronic vehicle take-off and landing (eVTOL) technology. Uber operates in over 70 countries, with over 171 million users who order rides or food at least once a month.",0001543151,BBG002B04MT8,153124349804.5,2089008865,2089010000,7389,"SERVICES-BUSINESS SERVICES, NEC",https://www.uber.com,CS
PFE,Pfizer Inc.,"Pfizer is one of the world's largest pharmaceutical firms, with annual sales close to $50 billion (excluding covid-19-related product sales). While it historically sold many types of healthcare products and chemicals, now prescription drugs and vaccines account for the majority of sales. Top sellers include pneumococcal vaccine Prevnar 13, cancer drug Ibrance, and cardiovascular treatment Eliquis. Pfizer sells these products globally, with international sales representing close to 50% of total sales. Within international sales, emerging markets are a major contributor.",0000078003,BBG000BR2B91,152818134061.3858,5667340414,5667340000,2834,PHARMACEUTICAL PREPARATIONS,https://www.pfizer.com,CS
UNP,Union Pacific Corp.,"Omaha, Nebraska-based Union Pacific is the largest public railroad in North America. Operating on more than 30,000 miles of track in the western two thirds of the us, UP generated $24 billion of revenue in 2023 by hauling coal, industrial products, intermodal containers, agriculture goods, chemicals, fertilizers, and automotive goods. UP owns about one fourth of Mexican railroad Ferromex and historically derives roughly 10% of its revenue hauling freight to and from Mexico.",0000100885,BBG000BW3299,152527479889.39,610122122,610120000,4011,"RAILROADS, LINE-HAUL OPERATING",https://www.up.com,CS
SPGI,S&P Global Inc.,"S&P Global provides data and benchmarks to capital and commodity market participants. Its ratings business is the largest credit rating agency in the world and S&P's largest segment by profitability. S&P's largest segment by revenue is market intelligence, which provides desktop, data and advisory solutions, enterprise solutions, and credit/risk solutions mostly in the financial-services industry. S&P's other segments include commodity insights (Platts and other data), mobility (Carfax), and indexes.",0000064040,BBG000BP1Q11,151865442000.0,307800000,307800000,7320,"SERVICES-CONSUMER CREDIT REPORTING, COLLECTION AGENCIES",https://www.spglobal.com,CS
DHR,Danaher Corporation,"In 1984, Danaher's founders transformed a real estate organization into an industrial-focused manufacturing company. Then, through a series of mergers, acquisitions, and divestitures, Danaher now focuses primarily on manufacturing scientific instruments and consumables in the life science and diagnostic industries after the late 2023 divestiture of its environmental and applied solutions group, Veralto.",0000313616,BBG000BH3JF8,148814312427.9728,714709852,714710000,3823,"INDUSTRIAL INSTRUMENTS FOR MEASUREMENT, DISPLAY, AND CONTROL",https://www.danaher.com,CS
GILD,Gilead Sciences Inc,"Gilead Sciences develops and markets therapies to treat life-threatening infectious diseases, with the core of its portfolio focused on HIV and hepatitis B and C. Gilead's acquisition of Pharmasset brought rights to hepatitis C drug Sovaldi, which is also part of newer combination regimens that remain standards of care. Gilead is also growing its presence in the oncology market via acquisitions, led by CAR-T cell therapy Yescarta/Tecartus (from Kite) and breast and bladder cancer therapy Trodelvy (from Immunomedics).",0000882095,BBG000CKGBP2,148756587105.9,1245346062,1245350000,2836,"BIOLOGICAL PRODUCTS, (NO DISGNOSTIC SUBSTANCES)",https://www.gilead.com,CS
BKNG,Booking Holdings Inc. Common Stock,"Booking is the world's largest online travel agency by sales, offering booking and payment services for hotel and alternative accommodation rooms, airline tickets, rental cars, restaurant reservations, cruises, experiences, and other vacation packages. The company operates several branded travel booking sites, including Booking.com, Agoda, OpenTable, Rentalcars.com, Kayak, and Momondo. Transaction fees for online bookings account for the bulk of revenue and profits.",0001075531,BBG000BLBVN4,147149596172.18997,32815201,32820000,4700,TRANSPORTATION SERVICES,https://www.bookingholdings.com,CS
BLK,"Blackrock, Inc.","BlackRock is the largest asset manager in the world, with $11.475 trillion in assets under management at the end of September 2024. Its product mix is fairly diverse, with 55% of managed assets in equity strategies, 26% in fixed income, 9% in multi-asset classes, 7% in money market funds, and 3% in alternatives. Passive strategies account for around two thirds of long-term AUM, with the company's ETF platform maintaining a leading market share domestically and on a global basis. Product distribution is weighted more toward institutional clients, which by our calculations account for around 80% of AUM. BlackRock is geographically diverse, with clients in more than 100 countries and more than one third of managed assets coming from investors domiciled outside the US and Canada.",0002012383,BBG01PSW2WN4,143252351856.1,155253443,155250000,6211,"SECURITY BROKERS, DEALERS & FLOTATION COMPANIES",https://www.blackrock.com,CS
CMCSA,Comcast Corp,"Comcast is made up of three parts. The core cable business owns networks capable of providing television, internet access, and phone services to 63 million US homes and businesses, or nearly half of the country. About 50% of the locations in this territory subscribe to at least one Comcast service. Comcast acquired NBCUniversal from General Electric in 2011. NBCU owns several cable networks, including CNBC, MSNBC, and USA, the NBC network, the Peacock streaming platform, several local NBC affiliates, Universal Studios, and several theme parks. Sky, acquired in 2018, is a large television provider in the UK and has invested heavily in proprietary content to build this position. Sky is also a large pay-television provider in Italy and has a presence in Germany and Austria.",0001166691,BBG000BFT2L4,142828128752.775,3781022601,3771580000,4841,CABLE & OTHER PAY TELEVISION SERVICES,https://www.comcastcorporation.com,CS
SYK,Stryker Corporation,"Stryker designs, manufactures, and markets an array of medical equipment, instruments, consumable supplies, and implantable devices. The product portfolio includes hip and knee replacements, extremities, endoscopy systems, operating room equipment, embolic coils, hospital beds and gurneys, and orthopedic robotics. Stryker remains one of the three largest competitors in reconstructive orthopedic implants and holds the leadership position in operating room equipment. Just over one fourth of Stryker's total revenue currently comes from outside the United States.",0000310764,BBG000DN7P92,142626644594.94,381579123,381580000,3841,SURGICAL & MEDICAL INSTRUMENTS & APPARATUS,https://www.stryker.com,CS
HON,"Honeywell International, Inc.","Honeywell traces its roots to 1885 with Albert Butz's firm, Butz Thermo-Electric Regulator, which produced a predecessor to the modern thermostat. Other inventions by Honeywell include biodegradable detergent and autopilot. Today, Honeywell is a global multi-industry behemoth with one of the largest installed bases of equipment. It operates through four business segments: aerospace technologies (37% of 2023 company revenue), industrial automation (29%), energy and sustainability solutions (17%), and building automation (17%). Recently, Honeywell has made several portfolio changes to focus on fewer end markets and align with a set of secular growth trends. The firm is working diligently to expand its installed base, deriving around 30% of its revenue from recurring aftermarket services.",0000773840,BBG000H556T9,141753735158.61002,649918551,650250000,3724,AIRCRAFT ENGINES & ENGINE PARTS,https://www.honeywell.com,CS
LOW,Lowe's Companies Inc.,"Lowe's is the second-largest home improvement retailer in the world, operating more than 1,700 stores in the United States, after the 2023 divestiture of its Canadian locations (RONA, Lowe's Canada, Rno-Dpt, and Dick's Lumber). The firm's stores offer products and services for home decorating, maintenance, repair, and remodeling, with maintenance and repair accounting for two thirds of products sold. Lowe's targets retail do-it-yourself (around 75% of sales) and do-it-for-me customers as well as commercial and professional business clients (around 25% of sales). We estimate Lowe's captures a high-single-digit share of the domestic home improvement market, based on U.S. Census data and management's market size estimates.",0000060667,BBG000BNDN65,139978258662.435,572192281,572190000,5211,RETAIL-LUMBER & OTHER BUILDING MATERIALS DEALERS,https://www.lowes.com,CS
BSX,Boston Scientific Corp.,"Boston Scientific produces less invasive medical devices that are inserted into the human body through small openings or cuts. It manufactures products for use in angioplasty, blood clot filtration, kidney stone management, cardiac rhythm management, catheter-directed ultrasound imaging, upper gastrointestinal tract diagnostics, interventional oncology, neuromodulation for chronic pain, and treatment of incontinence. The firm markets its devices to healthcare professionals and institutions globally. Foreign sales account for nearly half of the firm's total sales.",0000885725,BBG000C0LW92,139615987528.92,1475778104,1475780000,3841,SURGICAL & MEDICAL INSTRUMENTS & APPARATUS,https://www.bostonscientific.com,CS
DE,Deere & Company,"Deere is the world's leading manufacturer of agricultural equipment and a major producer of construction machinery. The company is divided into four reporting segments: production & precision agriculture (PPA), small agriculture & turf (SAT), construction & forestry (CF), and financial services (FS), its captive finance subsidiary. The core PPA business is the largest contributor to sales and profits by far. Geographically, Deere sales are 60% US/Canada, 17% Europe, 14% Latin America, and 9% rest of world. Deere goes to market through a robust dealer network that includes over 2,000 dealer locations in North America with reach into over 100 countries. John Deere financial provides retail financing for machinery to its customers and wholesale financing for dealers.",0000315189,BBG000BH1NH9,134367535770.255,271413927,271410000,3523,FARM MACHINERY & EQUIPMENT,https://www.deere.com,CS
TJX,"TJX Companies, Inc. (The)","TJX Companies is the leading off-price retailer of apparel, accessories, and home merchandise in the United States. The firm leverages its more than 20,000 global vendor relationships to procure and sell brand-name merchandise at prices 20%-60% cheaper than conventional retail channels. TJX opportunistically purchases excess inventory that stems from manufacturing overruns and retail closeout sales. The off-price retailer disperses its vast and disparate merchandise across its 5,000 global stores, creating a treasure-hunt shopping experience for consumers. Over three quarters of TJX's sales are derived from the United States, primarily via the T.J. Maxx, Marshalls, and HomeGoods banners. About 10% of sales are from Canada and 12% from Europe and Australia.",0000109198,BBG000BV8DN6,132645026631.85501,1124158029,1124160000,5651,RETAIL-FAMILY CLOTHING STORES,https://www.tjx.com,CS
SCHW,The Charles Schwab Corporation,"Charles Schwab operates in brokerage, wealth management, banking, and asset management. It runs a large network of brick-and-mortar brokerage branch offices and a well-established online investing website, and it has mobile trading capabilities. It also operates a bank and a proprietary asset-management business and offers services to independent investment advisors. Schwab is among the largest firms in the investment business, with over $10 trillion of client assets at the end of 2024. Nearly all of its revenue is from the United States.",0000316709,BBG000BSLZY7,128300844460.425,1813567665,1813570000,6211,"SECURITY BROKERS, DEALERS & FLOTATION COMPANIES",https://www.aboutschwab.com,CS
VRTX,Vertex Pharmaceuticals Inc,"Vertex Pharmaceuticals is a global biotechnology company that discovers and develops small-molecule drugs for the treatment of serious diseases. Its key drugs are Kalydeco, Orkambi, Symdeko, and Trikafta/Kaftrio for cystic fibrosis, where Vertex therapies remain the standard of care globally. Vertex has diversified its portfolio through Casgevy, a gene-editing therapy for beta thalassemia and sickle-cell disease. Additionally, Vertex is evaluating small-molecule inhibitors targeting acute and chronic pain using nonopioid treatments, and small-molecule inhibitors of APOL1-mediated kidney diseases. Vertex is also investigating cell therapies to deliver a potential functional cure for type 1 diabetes.",0000875320,BBG000C1S2X2,128189502604.8,256789869,256790000,2834,PHARMACEUTICAL PREPARATIONS,https://www.vrtx.com,CS
BMY,Bristol-Myers Squibb Co.,"Bristol-Myers Squibb discovers, develops, and markets drugs for various therapeutic areas, such as cardiovascular, cancer, and immune disorders. A key focus for Bristol is immuno-oncology, where the firm is a leader in drug development. Bristol derives close to 70% of total sales from the US, showing a higher dependence on the US market than most of its peer group.",0000014272,BBG000DQLV23,126740682396.465,2029312023,2029310000,2834,PHARMACEUTICAL PREPARATIONS,https://www.bms.com,CS
AMAT,Applied Materials Inc,"Applied Materials is the largest semiconductor wafer fabrication equipment, or WFE, manufacturer in the world. Applied Materials has a broad portfolio spanning nearly every corner of the WFE ecosystem. Specifically, Applied Materials holds a market share leadership position in deposition, which entails the layering of new materials on semiconductor wafers. It is more exposed to general-purpose logic chips made at integrated device manufacturers and foundries. It counts the largest chipmakers in the world as customers, including TSMC, Intel, and Samsung.",0000006951,BBG000BBPFB9,126337942979.8,830897356,830900000,3674,SEMICONDUCTORS & RELATED DEVICES,https://www.appliedmaterials.com,CS
C,Citigroup Inc.,"Citigroup is a global financial-services company doing business in more than 100 countries and jurisdictions. Citigroup's operations are organized into five primary segments: services, markets, banking, US personal banking, and wealth management. The bank's primary services include cross-border banking needs for multinational corporates, investment banking and trading, and credit card services in the United States.",0000831001,BBG000FY4S11,126263131500.0,1877100000,1877100000,6021,NATIONAL COMMERCIAL BANKS,https://www.citigroup.com,CS
ADP,Automatic Data Processing,"Automatic Data Processing is a global technology company providing cloud-based human capital management solutions enabling clients to better implement payroll, talent, time, tax, and benefits administration. Additionally, ADP provides human resource outsourcing solutions that allow customers to offload some of their traditional HR tasks. The company operates through two segments: employer services and the professional employer organization services. Employer services consists of the company's HCM products as well as a la carte HRO solutions. PEO services contains ADP's comprehensive HRO solution where it acts as a co-employer with its customer. As of fiscal 2024, ADP serves over 1.1 million clients and pays over 42 million workers across 140 countries.",0000008670,BBG000JG0547,125301994562.745,406870893,406870000,7374,SERVICES-COMPUTER PROCESSING & DATA PREPARATION,https://www.adp.com,CS
FI,"Fiserv, Inc.","Fiserv is a leading provider of core processing and complementary services, such as electronic funds transfer, payment processing, and loan processing, for US banks and credit unions, with a focus on small and midsize banks. Through the merger with First Data in 2019, Fiserv also provides payment processing services for merchants. About 10% of the company's revenue is generated internationally.",0000798354,BBG000BJKPG0,124391184551.4,575725190,575730000,7389,"SERVICES-BUSINESS SERVICES, NEC",https://www.fiserv.com,CS
MDT,Medtronic plc,"One of the largest medical-device companies, Medtronic develops and manufactures therapeutic medical devices for chronic diseases. Its portfolio includes pacemakers, defibrillators, heart valves, stents, insulin pumps, spinal fixation devices, neurovascular products, advanced energy, and surgical tools. The company markets its products to healthcare institutions and physicians in the United States and overseas. Foreign sales account for roughly 50% of the company's total sales.",0001613103,,122047951117.58,1282285681,1282490000,3845,ELECTROMEDICAL & ELECTROTHERAPEUTIC APPARATUS,https://www.medtronic.com,CS
COP,ConocoPhillips,"ConocoPhillips is a US-based independent exploration and production firm. In 2023, it produced 1.2 million barrels per day of oil and natural gas liquids and 3.1 billion cubic feet per day of natural gas, primarily from Alaska and the Lower 48 in the United States and Norway in Europe and several countries in Asia-Pacific and the Middle East. Proven reserves at year-end 2023 were 6.8 billion barrels of oil equivalent.",0001163165,BBG000BQQH30,118681263621.375,1272380205,1272380000,2911,PETROLEUM REFINING,https://www.conocophillips.com,CS
CB,Chubb Limited,"ACE acquired Chubb in the first quarter of 2016 and assumed the Chubb name. The combination made the new Chubb one of the largest domestic property and casualty insurers, with operations in 54 countries spanning commercial and personal P&C insurance, reinsurance, and life insurance.",0000896159,,117741173300.2,400412084,403100000,6331,"FIRE, MARINE & CASUALTY INSURANCE",https://www.chubb.com,CS
NKE,"Nike, Inc.","Nike is the largest athletic footwear and apparel brand in the world. Key categories include basketball, running, and football (soccer). Footwear generates about two thirds of its sales. Its brands include Nike, Jordan (premium athletic footwear and clothing), and Converse (casual footwear). Nike sells products worldwide through company-owned stores, franchised stores, and third-party retailers. The firm also operates e-commerce platforms in more than 40 countries. Nearly all its production is outsourced to contract manufacturers in more than 30 countries. Nike was founded in 1964 and is based in Beaverton, Oregon.",0000320187,BBG000C5HS04,117501839903.28,1479126887,1181240000,3021,RUBBER & PLASTICS FOOTWEAR,https://www.nike.com,CS
SBUX,Starbucks Corp,"Starbucks is one of the most widely recognized restaurant brands in the world, operating more than 40,000 stores across more than 80 countries as of the end of fiscal 2024. The firm operates in three segments: North America, international markets, and channel development (grocery and ready-to-drink beverage). The coffee chain generates revenue from company-operated stores, royalties, sales of equipment and products to license partners, ready-to-drink beverages, packaged coffee sales, and single-serve products.",0000829224,BBG000CTQBF3,117182653101.28,1135931108,1133800000,5810,RETAIL-EATING & DRINKING PLACES,https://www.starbucks.com,CS
MMC,"Marsh & McLennan Companies, Inc.","Marsh McLennan is a professional services firm that provides advice and solutions in the areas of risk, strategy, and human capital. The company operates through two main segments: risk and insurance services and consulting. In risk and insurance services, the firm offers services via Marsh (an insurance broker) and Guy Carpenter (a risk and reinsurance specialist). The consulting division comprises Mercer (a provider of human resource services) and Oliver Wyman (a management and economic consultancy). About half of its revenue is generated outside the US.",0000062709,BBG000BP4MH0,116393165550.74,491131126,491130000,6411,"INSURANCE AGENTS, BROKERS & SERVICE",https://www.marshmclennan.com,CS
LMT,Lockheed Martin Corp.,"Lockheed Martin is the world's largest defense contractor and has dominated the Western market for high-end fighter aircraft since it won the F-35 Joint Strike Fighter program in 2001. Aeronautics is Lockheed's largest segment, which derives upward of two-thirds of its revenue from the F-35. Lockheed's remaining segments are rotary and mission systems, mainly encompassing the Sikorsky helicopter business; missiles and fire control, which creates missiles and missile defense systems; and space systems, which produces satellites and receives equity income from the United Launch Alliance joint venture.",0000936468,BBG000C1BW00,115825163867.63,235385902,235390000,3760,GUIDED MISSILES & SPACE VEHICLES & PARTS,https://www.lockheedmartin.com,CS
BA,Boeing Company,"Boeing is a major aerospace and defense firm. It operates in three segments: commercial airplanes; defense, space, and security; and global services. Boeing's commercial airplanes segment competes with Airbus in the production of aircraft that can carry more than 130 passengers. Boeing's defense, space, and security segment competes with defense contractors such as Lockheed and Northrop to create military aircraft, satellites, and weaponry. Global services provides aftermarket support to airlines.",0000012927,BBG000BCSST7,111412212568.19,749216318,748180000,3721,AIRCRAFT,https://www.boeing.com,CS
PLD,"PROLOGIS, INC.","Prologis was formed by the June 2011 merger of AMB Property and Prologis Trust. The company develops, acquires, and operates around 1.2 billion square feet of high-quality industrial and logistics facilities across the globe. The company also has a strategic capital business segment that has around $60 billion of third-party AUM. The company is organized into four global divisions (Americas, Europe, Asia, and other Americas) and operates as a real estate investment trust.",0001045609,BBG000B9Z0J8,110421466100.0,926860000,926860000,6798,REAL ESTATE INVESTMENT TRUSTS,https://www.prologis.com,CS
ADI,"Analog Devices, Inc.","Analog Devices is a leading analog, mixed-signal, and digital-signal processing chipmaker. The firm has a significant market share lead in converter chips, which are used to translate analog signals to digital and vice versa. The company serves tens of thousands of customers; more than half of its chip sales are to industrial and automotive end markets. ADI's chips are also incorporated into wireless infrastructure equipment.",0000006281,BBG000BB6G37,107621937046.17,495976483,495980000,3674,SEMICONDUCTORS & RELATED DEVICES,https://www.analog.com,CS
BX,Blackstone Inc.,"Blackstone is the world's largest alternative-asset manager with $1.108 trillion in total asset under management, including $820.5 billion in fee-earning assets under management, at the end of September 2024. The company has four core business segments: private equity (25% of fee-earning AUM and 30% of base management fees), real estate (35% and 39%), credit and insurance (31% and 24%), and multi-asset investing (9% and 7%). While the firm primarily serves institutional investors (87% of AUM), it also caters to clients in the high-net-worth channel (13%). Blackstone operates through 25 offices in the Americas (8), Europe and the Middle East (9), and the Asia-Pacific region (8).",0001393818,BBG000BH0106,107603010447.435,766212201,729420000,6282,INVESTMENT ADVICE,https://www.blackstone.com,CS
UPS,"United Parcel Service, Inc. Class B","As the world's largest parcel delivery company, UPS manages a massive fleet of more than 500 planes and 100,000 vehicles, along with many hundreds of sorting facilities, to deliver an average of about 22 million packages per day to residences and businesses across the globe. UPS' domestic US package operations generate around 64% of total revenue while international package makes up 20%. Air and ocean freight forwarding, truckload brokerage, and contract logistics make up the remainder. UPS is currently pursuing ""strategic alternatives"" for its truck brokerage unit, Coyote, which it acquired in 2015.",0001090727,BBG000L9CV04,103872142599.76,853369558,731370000,4210,TRUCKING & COURIER SERVICES (NO AIR),https://www.ups.com,CS
KKR,KKR & Co. Inc.,"KKR is one of the world's largest alternative asset managers, with $624.4 billion in total managed assets, including $505.7 billion in fee-earning AUM, at the end of September 2024. The company has two core segments: asset management (which includes private markets-private equity, credit, infrastructure, energy, and real estate-and public markets-primarily credit and hedge/investment fund platforms) and insurance (following the firm's initial investment in, and then ultimate purchase of, Global Atlantic Financial Group, which is engaged in retirement/annuity and life insurance lines as well as reinsurance).",0001404912,BBG000BCQ6J8,102388638938.91,888250533,888250000,6282,INVESTMENT ADVICE,https://www.kkr.com,CS
MO,"Altria Group, Inc.","Altria comprises Philip Morris USA, US Smokeless Tobacco, John Middleton, Horizon Innovations, and Helix Innovations. Through its tobacco subsidiaries, Altria maintains the leading position in cigarettes and smokeless tobacco in the United States and the number-two spot in machine-made cigars. The company's Marlboro brand is the leading cigarette brand in the US with 42% annual share in 2023. Beyond its core business, it holds an 8% interest in the world's largest brewer, Anheuser-Busch InBev, a 42% stake in cannabis manufacturer Cronos, acquired Njoy Holdings in 2023, and operates a joint venture with Japan Tobacco in the heated tobacco category. It also recently disposed of its investment in Juul Labs.",0000764180,BBG000BP6LJ8,101349725083.2,1706224328,1706220000,2111,CIGARETTES,https://www.altria.com,CS
AMT,American Tower Corporation,"American Tower owns and operates more than 220,000 cell towers throughout the US, Asia, Latin America, Europe, and Africa. It also owns and/or operates 28 data centers in 10 US markets after acquiring CoreSite. On its towers, the company has a very concentrated customer base, with most revenue in each market being generated by just the top few mobile carriers. The company operates more than 40,000 towers in the US, which accounted for almost half of the company's total revenue in 2023. Outside the US, American Tower operates over 75,000 towers in India, almost 50,000 towers in Latin America (dominated by Brazil), 30,000 towers in Europe, and nearly 25,000 towers in Africa. American Tower operates as a REIT.",0001053507,BBG000B9XYV2,100526682902.8,467457256,467460000,6798,REAL ESTATE INVESTMENT TRUSTS,https://www.americantower.com,CS
MU,"Micron Technology, Inc.","Micron is one of the largest semiconductor companies in the world, specializing in memory and storage chips. Its primary revenue stream comes from dynamic random access memory, or DRAM, and it also has minority exposure to not-and or NAND, flash chips. Micron serves a global customer base, selling chips into data centers, mobile phones, consumer electronics, and industrial and automotive applications. The firm is vertically integrated.",0000723125,BBG000C5Z1S3,98671066297.92,1114171932,1114170000,3674,SEMICONDUCTORS & RELATED DEVICES,https://www.micron.com,CS
ICE,Intercontinental Exchange  Inc.,"Intercontinental Exchange is a vertically integrated operator of financial exchanges and provides ancillary data products. Though the company is probably best known for its ownership of the New York Stock Exchange, which it acquired in 2013, ICE operates a large derivatives exchange, too. The company's largest commodity futures product is the ICE Brent crude futures contract. In addition to the exchanges business, which is about 54% of net revenue, Intercontinental Exchange has used a series of acquisitions to create its mortgage technology business (22% of net revenue) and fixed-income and data services segment (24% of net revenue).",0001571949,BBG000C1FB75,98224735299.39001,574564858,574570000,6200,"SECURITY & COMMODITY BROKERS, DEALERS, EXCHANGES & SERVICES",https://www.theice.com,CS
ANET,Arista Networks,"Arista Networks is a networking equipment provider that primarily sells Ethernet switches and software to data centers. Its marquee product is its extensible operating system, or EOS, that runs a single image across every single one of its devices. The firm operates as one reportable segment. It has steadily gained market share since its founding in 2004, with a focus on high-speed applications. Arista counts Microsoft and Meta Platforms as its largest customers and derives roughly three quarters of its sales from North America.",0001596532,BBG000N2HDY5,97055994988.15999,1261122596,1261120000,3576,COMPUTER COMMUNICATIONS EQUIPMENT,https://www.arista.com,CS
LRCX,Lam Research Corp,"Lam Research is one of the largest semiconductor wafer fabrication equipment manufacturers in the world. It specializes in deposition and etch, which entail the buildup of layers on a semiconductor and the subsequent selective removal of patterns from each layer. Lam holds the top market share in etch and holds the clear second share in deposition. It is more exposed to memory chipmakers for DRAM and NAND chips. It counts as top customers the largest chipmakers in the world, including TSMC, Samsung, Intel, and Micron.",0000707549,BBG000BNFLM9,96845879589.99998,1283662000,1283660000,3559,"SPECIAL INDUSTRY MACHINERY, NEC",https://www.lamresearch.com,CS
ELV,"Elevance Health, Inc.","Elevance Health remains one of the leading health insurers in the U.S., providing medical benefits to 47 million medical members as of December 2023. The company offers employer, individual, and government-sponsored coverage plans. Elevance differs from its peers in its unique position as the largest single provider of Blue Cross Blue Shield branded coverage, operating as the licensee for the Blue Cross Blue Shield Association in 14 states. Through acquisitions, such as the Amerigroup deal in 2012 and MMM in 2021, Elevance's reach expands beyond those states through government-sponsored programs such as Medicaid and Medicare Advantage plans, too.",0001156039,BBG000BCG930,94993295500.575,227351871,227350000,6324,HOSPITAL & MEDICAL SERVICE PLANS,https://www.elevancehealth.com,CS
CME,CME Group Inc.,"Based in Chicago, CME Group operates exchanges giving investors, suppliers, and businesses the ability to trade futures and derivatives based on interest rates, equity indexes, foreign currencies, energy, metals, and commodities. The Chicago Mercantile Exchange was founded in 1898 and in 2002 completed its IPO. Since then, CME Group has consolidated parts of the industry by merging with crosstown rival CBOT Holdings in 2007 before acquiring Nymex Holdings in 2008 and NEX in 2018. In addition, the company has a 27% stake in S&P Dow Jones Indices, making the Chicago Mercantile Exchange the exclusive venue to trade and clear S&P futures contracts. Through CME's acquisition of NEX, it also expanded into cash foreign exchange, fixed-income trading, and collateral optimization.",0001156375,BBG000BHLYP4,93981427266.85999,359269954,360350000,6200,"SECURITY & COMMODITY BROKERS, DEALERS, EXCHANGES & SERVICES",https://www.cmegroup.com,CS
